Celia Sandra Campos Funez,59,Femenino,225
Nicol�s Edson Lemus Quezada,71,Masculino,287
Sandra Karla Hurtado Acuna,48,Femenino,389
Lucrecia Anabela Savala Paniagua,63,Femenino,371
Dionicio Andr�s Escamilla Meza,37,Masculino,285
Berta Julia Soto Garrido,47,Femenino,393
F�tima Bel�n Zapata Taracena,50,Femenino,296
Flavio Gabriel Vald�s Salazar,41,Masculino,361
Jason Romeo Silva Bolanos,38,Masculino,265
Marcela Greta Iglesias Ruiz,48,Femenino,366
Perla Karla Hidalgo Cisneros,75,Femenino,305
Jos� Guido Grijalba Ju�rez,67,Masculino,389
Leonardo Javier Arriaga Cabrera,32,Masculino,258
Andr�s Esteban Navarro Tejada,50,Masculino,231
Mar�a Tulia Noguera Izquierdo,58,Femenino,277
Abril Hilda Ruiz Duarte,45,Femenino,397
Mar�a Tea Meza Iglesias,65,Femenino,382
Carlos Santiago Lemus Bautista,30,Masculino,359
Lucrecia Berta Beltr�n Grijalba,26,Femenino,279
Tea Mila Guardiola Taracena,75,Femenino,345
Jennifer David Bustamante Seballos,57,Femenino,292
Perla Sara Noguera Estrada,44,Femenino,396
Santiago Andr�s Galindo Gamboa,31,Masculino,371
Frida David Granados Vidal,42,Femenino,205
Romeo Douglas C�rdenas Torres,27,Masculino,215
Eduardo Mateo Flores Paniagua,43,Masculino,372
Fernando Sergio Urrutia Gait�n,53,Masculino,217
Leonardo Andr�s Vald�s Marroqu�n,31,Masculino,351
Jason Leonardo L�pez Cu�llar,75,Masculino,222
Iv�n Gustavo Castellanos Hidalgo,27,Masculino,277
Luz Eva Ib�nez Zamora,18,Femenino,251
Juan Ra�l C�rdenas Mendoza,31,Masculino,234
Jorge Sim�n Funez Esquivel,46,Masculino,240
Berta Helga Guill�n Mena,64,Femenino,222
Fabiola Helen Grijalba V�squez,72,Femenino,325
Irma David Galindo Hidalgo,44,Femenino,280
Leonardo �lvaro Granados Nieto,22,Masculino,214
Eduardo Jorge Barrientos Zapata,25,Masculino,270
Ester Carol Arriaga V�squez,36,Femenino,370
Juli�n Roberto Guerrero Ur�zar,44,Masculino,315
Leonardo Juli�n Paredes Zamora,55,Masculino,245
Helen Mar Beltr�n Estrada,64,Femenino,342
Edson Abel Paniagua Z�niga,58,Masculino,367
Irma Fabiola Zamora Fonseca,18,Femenino,369
Silvia Lucrecia Gamboa Izquierdo,66,Femenino,373
David Andr�s Duarte Castellanos,27,Masculino,277
Lucas Jos� Carvajal Enr�quez,54,Masculino,337
Mateo Jason Silva Baz�n,70,Masculino,294
Angel Erick Ju�rez Esquivel,35,Masculino,273
Gabriel Fernando Acuna Bautista,42,Masculino,282
Ana Nina Gavil�n Iglesias,32,Femenino,380
Roberto Juli�n Silva Garrido,26,Masculino,202
Silvia Tulia Barrientos Valenzuela,41,Femenino,387
Karla Flora Paniagua Salazar,66,Femenino,373
Sara Lucrecia de la Cruz Vargas,50,Femenino,311
Eva Frida Galindo Ib�nez,36,Femenino,371
Esteban Iv�n Hidalgo Guill�n,35,Masculino,244
Leonardo Christian Ben�tez Campos,72,Masculino,365
Javier Ra�l N�nez Alfaro,32,Masculino,292
Celia Luz de la Rosa Lemus,43,Femenino,399
Flora Perla Quezada Mart�nez,22,Femenino,310
Luz Lara Guill�n Garrido,22,Femenino,346
Lucrecia Luz Ruiz Maldonado,55,Femenino,283
Angel Ger�nimo Gavil�n Ch�vez,42,Masculino,349
Tulia Maricela Mart�nez Salazar,27,Femenino,281
Mateo Lucas Campos Fonseca,51,Masculino,379
Perla Vera Meza Cuevas,67,Femenino,394
In�s Celia Cu�llar Dom�nguez,75,Femenino,320
In�s Emma Robles Casas,24,Femenino,274
Guido Abel G�mez Maldonado,24,Masculino,249
Leonardo Maurizio Noguera Trujillo,36,Masculino,335
Ger�nimo Fernando Beltr�n Guerrero,43,Masculino,238
Lucrecia Lara Duarte Marroqu�n,33,Femenino,341
Celia Helen Ayala Cabrera,42,Femenino,259
Abel Maurizio Silva Zamora,28,Masculino,247
Pablo Pedro Guill�n Grijalba,57,Masculino,295
Gabriel Erick Escobedo Acuna,30,Masculino,334
Pablo Benjam�n Duarte Barrientos,45,Masculino,365
David Manuel Mendoza Ocampo,51,Masculino,294
Sandra Mila Carvajal Bautista,39,Femenino,206
Mar Carla Sol�s Bonilla,71,Femenino,237
Ariel Benjam�n God�nez Cervantes,68,Masculino,398
Greta Ana Ocampo Paniagua,73,Femenino,349
Lourdes Carol Guill�n Campos,46,Femenino,239
Laura Anabela Jaramillo Carrillo,72,Femenino,259
Tea Luz Escalante Estrada,68,Femenino,327
Lucrecia Lourdes Flores Garc�a,68,Femenino,290
Ernesto Ger�nimo Taracena N�nez,58,Masculino,394
Jos� Ernesto Ib�nez Hidalgo,50,Masculino,214
Leonardo Nicol�s Nieto Mej�a,23,Masculino,302
Greta Lourdes Acuna Cabrera,34,Femenino,262
Esteban Mateo Pacheco G�mez,71,Masculino,253
Danah� Anabela Vargas Lemus,73,Femenino,221
Nicol�s Jorge Cuevas Ch�vez,48,Masculino,348
Lily Gabriela Ur�zar Mendoza,74,Femenino,267
David Jason Hurtado Funez,61,Masculino,246
Juan Mateo Valenzuela Huertas,46,Masculino,252
Greta Bety Salazar Barrientos,56,Femenino,355
�lvaro Ger�nimo Guill�n Soto,72,Masculino,369
Mila Emma Hurtado Fonseca,45,Femenino,208
Andrea Laura Izquierdo Puente,62,Femenino,237
Jason Jorge C�rdenas Robles,40,Masculino,357
Jorge �lvaro Esquivel God�nez,46,Masculino,395
Daniel Juli�n Ochoa Nieto,59,Masculino,354
Jennifer Gabriela Mena Pacheco,56,Femenino,296
Roberto Iv�n Ben�tez Flores,41,Masculino,251
Eva Helga G�mez Zacar�as,45,Femenino,233
Juli�n Douglas Carvajal Cabrera,24,Masculino,223
Jennifer Danah� Cisneros Zamora,41,Femenino,349
Gustavo Jorge Castaneda Nieto,19,Masculino,279
Mila Frida Marroqu�n Espino,37,Femenino,211
Eva Gabriela Fonseca Gait�n,59,Femenino,385
Santiago Angel Torres Escalante,71,Masculino,235
Christian Andr�s Zapata G�mez,21,Masculino,233
Pablo Leonardo Maldonado Jim�nez,48,Masculino,204
Pedro David Iglesias Huertas,61,Masculino,322
F�tima Anabela Rojas Linares,71,Femenino,242
Erick Iv�n Mej�a Cervantes,75,Masculino,213
Tulia Jane Paniagua Zacar�as,32,Femenino,235
F�tima Graciela Robles Bustamante,67,Femenino,380
Ger�nimo Flavio Gamboa Mena,72,Masculino,327
Flora F�tima Mendoza Duarte,26,Femenino,328
Celia Sandra Campos Funez,59,Femenino,225
Nicol�s Edson Lemus Quezada,71,Masculino,287
Sandra Karla Hurtado Acuna,48,Femenino,389
Lucrecia Anabela Savala Paniagua,63,Femenino,371
Dionicio Andr�s Escamilla Meza,37,Masculino,285
Berta Julia Soto Garrido,47,Femenino,393
F�tima Bel�n Zapata Taracena,50,Femenino,296
Flavio Gabriel Vald�s Salazar,41,Masculino,361
Jason Romeo Silva Bolanos,38,Masculino,265
Marcela Greta Iglesias Ruiz,48,Femenino,366
Perla Karla Hidalgo Cisneros,75,Femenino,305
Jos� Guido Grijalba Ju�rez,67,Masculino,389
Leonardo Javier Arriaga Cabrera,32,Masculino,258
Andr�s Esteban Navarro Tejada,50,Masculino,231
Mar�a Tulia Noguera Izquierdo,58,Femenino,277
Abril Hilda Ruiz Duarte,45,Femenino,397
Mar�a Tea Meza Iglesias,65,Femenino,382
Carlos Santiago Lemus Bautista,30,Masculino,359
Lucrecia Berta Beltr�n Grijalba,26,Femenino,279
Tea Mila Guardiola Taracena,75,Femenino,345
Jennifer David Bustamante Seballos,57,Femenino,292
Perla Sara Noguera Estrada,44,Femenino,396
Santiago Andr�s Galindo Gamboa,31,Masculino,371
Frida David Granados Vidal,42,Femenino,205
Romeo Douglas C�rdenas Torres,27,Masculino,215
Eduardo Mateo Flores Paniagua,43,Masculino,372
Fernando Sergio Urrutia Gait�n,53,Masculino,217
Leonardo Andr�s Vald�s Marroqu�n,31,Masculino,351
Jason Leonardo L�pez Cu�llar,75,Masculino,222
Iv�n Gustavo Castellanos Hidalgo,27,Masculino,277
Luz Eva Ib�nez Zamora,18,Femenino,251
Juan Ra�l C�rdenas Mendoza,31,Masculino,234
Jorge Sim�n Funez Esquivel,46,Masculino,240
Berta Helga Guill�n Mena,64,Femenino,222
Fabiola Helen Grijalba V�squez,72,Femenino,325
Irma David Galindo Hidalgo,44,Femenino,280
Leonardo �lvaro Granados Nieto,22,Masculino,214
Eduardo Jorge Barrientos Zapata,25,Masculino,270
Ester Carol Arriaga V�squez,36,Femenino,370
Juli�n Roberto Guerrero Ur�zar,44,Masculino,315
Leonardo Juli�n Paredes Zamora,55,Masculino,245
Helen Mar Beltr�n Estrada,64,Femenino,342
Edson Abel Paniagua Z�niga,58,Masculino,367
Irma Fabiola Zamora Fonseca,18,Femenino,369
Silvia Lucrecia Gamboa Izquierdo,66,Femenino,373
David Andr�s Duarte Castellanos,27,Masculino,277
Lucas Jos� Carvajal Enr�quez,54,Masculino,337
Mateo Jason Silva Baz�n,70,Masculino,294
Angel Erick Ju�rez Esquivel,35,Masculino,273
Gabriel Fernando Acuna Bautista,42,Masculino,282
Ana Nina Gavil�n Iglesias,32,Femenino,380
Roberto Juli�n Silva Garrido,26,Masculino,202
Silvia Tulia Barrientos Valenzuela,41,Femenino,387
Karla Flora Paniagua Salazar,66,Femenino,373
Sara Lucrecia de la Cruz Vargas,50,Femenino,311
Eva Frida Galindo Ib�nez,36,Femenino,371
Esteban Iv�n Hidalgo Guill�n,35,Masculino,244
Leonardo Christian Ben�tez Campos,72,Masculino,365
Javier Ra�l N�nez Alfaro,32,Masculino,292
Celia Luz de la Rosa Lemus,43,Femenino,399
Flora Perla Quezada Mart�nez,22,Femenino,310
Luz Lara Guill�n Garrido,22,Femenino,346
Lucrecia Luz Ruiz Maldonado,55,Femenino,283
Angel Ger�nimo Gavil�n Ch�vez,42,Masculino,349
Tulia Maricela Mart�nez Salazar,27,Femenino,281
Mateo Lucas Campos Fonseca,51,Masculino,379
Perla Vera Meza Cuevas,67,Femenino,394
In�s Celia Cu�llar Dom�nguez,75,Femenino,320
In�s Emma Robles Casas,24,Femenino,274
Guido Abel G�mez Maldonado,24,Masculino,249
Leonardo Maurizio Noguera Trujillo,36,Masculino,335
Ger�nimo Fernando Beltr�n Guerrero,43,Masculino,238
Lucrecia Lara Duarte Marroqu�n,33,Femenino,341
Celia Helen Ayala Cabrera,42,Femenino,259
Abel Maurizio Silva Zamora,28,Masculino,247
Pablo Pedro Guill�n Grijalba,57,Masculino,295
Gabriel Erick Escobedo Acuna,30,Masculino,334
Pablo Benjam�n Duarte Barrientos,45,Masculino,365
David Manuel Mendoza Ocampo,51,Masculino,294
Sandra Mila Carvajal Bautista,39,Femenino,206
Mar Carla Sol�s Bonilla,71,Femenino,237
Ariel Benjam�n God�nez Cervantes,68,Masculino,398
Greta Ana Ocampo Paniagua,73,Femenino,349
Lourdes Carol Guill�n Campos,46,Femenino,239
Laura Anabela Jaramillo Carrillo,72,Femenino,259
Tea Luz Escalante Estrada,68,Femenino,327
Lucrecia Lourdes Flores Garc�a,68,Femenino,290
Ernesto Ger�nimo Taracena N�nez,58,Masculino,394
Jos� Ernesto Ib�nez Hidalgo,50,Masculino,214
Leonardo Nicol�s Nieto Mej�a,23,Masculino,302
Greta Lourdes Acuna Cabrera,34,Femenino,262
Esteban Mateo Pacheco G�mez,71,Masculino,253
Danah� Anabela Vargas Lemus,73,Femenino,221
Nicol�s Jorge Cuevas Ch�vez,48,Masculino,348
Lily Gabriela Ur�zar Mendoza,74,Femenino,267
David Jason Hurtado Funez,61,Masculino,246
Juan Mateo Valenzuela Huertas,46,Masculino,252
Greta Bety Salazar Barrientos,56,Femenino,355
�lvaro Ger�nimo Guill�n Soto,72,Masculino,369
Mila Emma Hurtado Fonseca,45,Femenino,208
Andrea Laura Izquierdo Puente,62,Femenino,237
Jason Jorge C�rdenas Robles,40,Masculino,357
Jorge �lvaro Esquivel God�nez,46,Masculino,395
Daniel Juli�n Ochoa Nieto,59,Masculino,354
Jennifer Gabriela Mena Pacheco,56,Femenino,296
Roberto Iv�n Ben�tez Flores,41,Masculino,251
Eva Helga G�mez Zacar�as,45,Femenino,233
Juli�n Douglas Carvajal Cabrera,24,Masculino,223
Jennifer Danah� Cisneros Zamora,41,Femenino,349
Gustavo Jorge Castaneda Nieto,19,Masculino,279
Mila Frida Marroqu�n Espino,37,Femenino,211
Eva Gabriela Fonseca Gait�n,59,Femenino,385
Santiago Angel Torres Escalante,71,Masculino,235
Christian Andr�s Zapata G�mez,21,Masculino,233
Pablo Leonardo Maldonado Jim�nez,48,Masculino,204
Pedro David Iglesias Huertas,61,Masculino,322
F�tima Anabela Rojas Linares,71,Femenino,242
Erick Iv�n Mej�a Cervantes,75,Masculino,213
Tulia Jane Paniagua Zacar�as,32,Femenino,235
F�tima Graciela Robles Bustamante,67,Femenino,380
Ger�nimo Flavio Gamboa Mena,72,Masculino,327
Flora F�tima Mendoza Duarte,26,Femenino,328